client_id,subscribe
1,0.051821601
10,0.042149878
11,0.4599362
12,0.071071393
13,0.035631537
17,0.071802657
20,0.062769583
23,0.071206607
25,0.068724687
28,0.033260426
31,0.062769583
33,0.042328269
35,0.06567351
37,0.183647817
42,0.170792824
43,0.071352563
47,0.08352647
49,0.355657679
52,0.315758397
60,0.068724687
69,0.086093269
71,0.035404948
75,0.19064667
76,0.060090177
85,0.673069113
86,0.035631537
88,0.042328269
96,0.051821601
100,0.033189605
103,0.035404948
104,0.15866277
106,0.071655851
110,0.042417735
114,0.040609047
115,0.073530051
119,0.056002687
120,0.072086496
124,0.071352563
126,0.315758397
130,0.272717355
131,0.071655851
137,0.039590688
142,0.040861316
147,0.042507382
153,0.035329727
157,0.068724687
159,0.17393805
160,0.040523234
164,0.040781194
169,0.26114656
171,0.110655201
172,0.033189605
174,0.071352563
178,0.042149878
181,0.266004171
182,0.073530051
184,0.033189605
186,0.035404948
187,0.08352647
192,0.071655851
194,0.170792824
195,0.068724687
197,0.042238984
199,0.062769583
203,0.033331393
204,0.727447596
206,0.042328269
208,0.042417735
209,0.071206607
216,0.071206607
227,0.24684604
230,0.035480323
232,0.067039423
237,0.035631537
240,0.04259721
248,0.170792824
250,0.071352563
254,0.040431443
257,0.035555853
258,0.042238984
264,0.110655201
266,0.035329727
268,0.251211745
273,0.042328269
276,0.071206607
278,0.068724687
285,0.035329727
288,0.040781194
289,0.071509322
291,0.040781194
292,0.035555853
294,0.170792824
298,0.071802657
304,0.071206607
307,0.295383533
311,0.328301002
320,0.071206607
323,0.060090177
325,0.071206607
329,0.086093269
330,0.040609047
339,0.040781194
340,0.040781194
342,0.035404948
343,0.062769583
344,0.060090177
345,0.035254661
350,0.056002687
351,0.04259721
356,0.073530051
357,0.060090177
362,0.040609047
366,0.08352647
371,0.071802657
385,0.035329727
389,0.035254661
403,0.035480323
408,0.071206607
416,0.172359757
420,0.035404948
423,0.062888939
425,0.072086496
426,0.040609047
428,0.040431443
431,0.068724687
434,0.035329727
435,0.042417735
439,0.042328269
440,0.715960234
444,0.071802657
466,0.170792824
467,0.042149878
468,0.04259721
469,0.040861316
471,0.170792824
472,0.056002687
473,0.035329727
477,0.068431665
481,0.073530051
483,0.056002687
485,0.035480323
489,0.035404948
493,0.071655851
495,0.042060952
504,0.035404948
506,0.040609047
507,0.042328269
509,0.042149878
510,0.316711895
512,0.042238984
513,0.035404948
514,0.086093269
525,0.393296307
529,0.033260426
537,0.071206607
539,0.035404948
543,0.035555853
544,0.060090177
545,0.035254661
551,0.035329727
552,0.180365351
554,0.060090177
562,0.07136307
565,0.071792091
567,0.062888939
568,0.040609047
571,0.111963788
577,0.706516678
584,0.035329727
585,0.062888939
586,0.071655851
588,0.035404948
589,0.071655851
590,0.056002687
598,0.040695033
602,0.035254661
607,0.056002687
609,0.035404948
622,0.04277741
625,0.071206607
627,0.15866277
630,0.432287222
638,0.067039423
639,0.532028992
642,0.035254661
648,0.305110721
651,0.035329727
652,0.033260426
661,0.035404948
669,0.035329727
671,0.256641666
674,0.358313726
677,0.035631537
678,0.035404948
681,0.040431443
685,0.332685197
690,0.073530051
694,0.040609047
701,0.033260426
705,0.042149878
708,0.071352563
709,0.042238984
711,0.035329727
712,0.040781194
716,0.071802657
722,0.035254661
729,0.035254661
732,0.08352647
734,0.060090177
736,0.072086496
737,0.042149878
742,0.035555853
743,0.035404948
745,0.042328269
748,0.035404948
750,0.291590866
751,0.110655201
752,0.071352563
757,0.357600241
758,0.042149878
760,0.062769583
762,0.035631537
774,0.033189605
779,0.071655851
780,0.064732812
782,0.035631537
783,0.267166079
784,0.728321007
786,0.042060952
788,0.336612547
789,0.071217094
790,0.035404948
802,0.071206607
805,0.170792824
807,0.040781194
808,0.071206607
811,0.269764112
813,0.062769583
819,0.042149878
820,0.072086496
821,0.071206607
824,0.040781194
825,0.067039423
829,0.071206607
833,0.08352647
834,0.071802657
837,0.071509322
841,0.042238984
843,0.628636085
844,0.035254661
845,0.042149878
848,0.316711895
849,0.071206607
853,0.035329727
865,0.341553609
872,0.035404948
879,0.035555853
885,0.035329727
888,0.071802657
895,0.071802657
897,0.072086496
901,0.040609047
902,0.060090177
903,0.042238984
904,0.035404948
907,0.172359757
909,0.035329727
912,0.068724687
915,0.071217094
922,0.310149858
926,0.040861316
927,0.170792824
928,0.035404948
930,0.040431443
937,0.035404948
939,0.111963788
941,0.035555853
943,0.035631537
944,0.035480323
946,0.07136307
947,0.170792824
950,0.71358409
953,0.071206607
956,0.06567351
957,0.068724687
958,0.042238984
960,0.035404948
963,0.072086496
969,0.035404948
971,0.042238984
972,0.072086496
973,0.653333867
975,0.062769583
981,0.042149878
985,0.042906105
987,0.040695033
995,0.035631537
1005,0.033189605
1009,0.071352563
1015,0.071206607
1024,0.062888939
1025,0.111963788
1027,0.035480323
1028,0.064732812
1029,0.111963788
1032,0.056002687
1034,0.035404948
1048,0.042906105
1049,0.035254661
1050,0.042238984
1051,0.042149878
1056,0.170792824
1058,0.035329727
1059,0.035254661
1060,0.035404948
1061,0.315758397
1063,0.035329727
1064,0.035329727
1067,0.558548299
1068,0.061094156
1075,0.035480323
1079,0.071206607
1081,0.08352647
1085,0.325874591
1086,0.067039423
1091,0.170792824
1095,0.035254661
1100,0.07136307
1102,0.111963788
1110,0.035555853
1111,0.040609047
1112,0.040609047
1113,0.035404948
1114,0.071802657
1117,0.316711895
1118,0.042238984
1119,0.176487016
1122,0.035254661
1125,0.071352563
1127,0.15866277
1132,0.072086496
1134,0.033189605
1142,0.170792824
1147,0.035480323
1153,0.042328269
1155,0.035555853
1159,0.042328269
1169,0.040781194
1173,0.352551334
1175,0.201817971
1180,0.071206607
1181,0.115069833
1183,0.040781194
1185,0.071802657
1187,0.040781194
1188,0.035254661
1189,0.042149878
1191,0.035329727
1194,0.035404948
1195,0.071217094
1196,0.035254661
1201,0.04259721
1206,0.051821601
1207,0.111963788
1212,0.071655851
1214,0.035404948
1215,0.15866277
1219,0.170792824
1220,0.071655851
1226,0.04277741
1227,0.04259721
1231,0.627449054
1235,0.035555853
1237,0.062888939
1238,0.039590688
1241,0.068724687
1246,0.040523234
1247,0.172359757
1249,0.062769583
1250,0.071802657
1251,0.035404948
1253,0.056002687
1255,0.061094156
1256,0.042149878
1257,0.042417735
1260,0.060090177
1264,0.071802657
1266,0.071206607
1268,0.035480323
1272,0.086093269
1273,0.23398809
1282,0.035329727
1283,0.170792824
1284,0.064732812
1287,0.071206607
1288,0.071655851
1290,0.071802657
1291,0.071352563
1292,0.067039423
1298,0.051821601
1318,0.033189605
1320,0.071206607
1322,0.071352563
1324,0.071352563
1330,0.042238984
1331,0.111963788
1333,0.260645895
1334,0.438791645
1337,0.735060245
1340,0.170792824
1343,0.035631537
1345,0.042328269
1348,0.311566842
1350,0.071206607
1353,0.071655851
1355,0.042328269
1357,0.710705852
1363,0.071206607
1364,0.415451316
1365,0.69899607
1367,0.042060952
1374,0.035555853
1375,0.042328269
1377,0.062769583
1379,0.071352563
1380,0.042149878
1385,0.042906105
1390,0.111963788
1395,0.064732812
1397,0.062888939
1398,0.08352647
1403,0.195153979
1407,0.07136307
1411,0.071352563
1416,0.035404948
1418,0.035631537
1419,0.042238984
1423,0.271504958
1426,0.042238984
1427,0.062769583
1437,0.41438083
1440,0.071352563
1441,0.111963788
1448,0.071206607
1452,0.071217094
1453,0.068724687
1455,0.310137335
1458,0.071802657
1461,0.170792824
1462,0.071655851
1463,0.033331393
1467,0.073530051
1468,0.042328269
1469,0.071655851
1471,0.071206607
1479,0.086093269
1484,0.24684604
1496,0.035404948
1498,0.042906105
1499,0.042149878
1500,0.051821601
1501,0.033331393
1502,0.086093269
1510,0.035631537
1514,0.170792824
1518,0.111963788
1519,0.110655201
1520,0.035404948
1522,0.035404948
1523,0.051821601
1533,0.071217094
1535,0.061094156
1537,0.035254661
1539,0.06567351
1540,0.072086496
1544,0.042328269
1545,0.035555853
1547,0.372977294
1550,0.042328269
1556,0.056002687
1557,0.04259721
1563,0.064732812
1564,0.611948782
1570,0.035404948
1575,0.071206607
1578,0.170792824
1580,0.067039423
1584,0.170792824
1585,0.06567351
1586,0.172359757
1589,0.071352563
1591,0.73339214
1594,0.710252324
1599,0.086093269
1602,0.201817971
1607,0.035329727
1608,0.071206607
1613,0.060090177
1615,0.07136307
1617,0.035555853
1618,0.042417735
1625,0.042238984
1626,0.071352563
1628,0.035254661
1629,0.035404948
1632,0.056002687
1634,0.186306982
1638,0.244227177
1642,0.086093269
1645,0.040781194
1650,0.170792824
1655,0.172359757
1661,0.07136307
1666,0.201817971
1669,0.064732812
1671,0.040609047
1673,0.070925968
1676,0.071352563
1681,0.071802657
1686,0.071206607
1687,0.062888939
1694,0.035404948
1699,0.071206607
1704,0.08352647
1705,0.086093269
1707,0.035404948
1714,0.071352563
1717,0.042238984
1719,0.071206607
1720,0.035555853
1727,0.042417735
1728,0.042417735
1729,0.060090177
1735,0.040609047
1736,0.033189605
1739,0.040523234
1740,0.040609047
1743,0.040781194
1745,0.776045873
1746,0.073530051
1754,0.042417735
1755,0.040431443
1758,0.111963788
1763,0.068724687
1766,0.172359757
1767,0.691233333
1769,0.170792824
1770,0.068724687
1771,0.111963788
1780,0.071206607
1784,0.072086496
1788,0.040695033
1804,0.071792091
1815,0.067039423
1816,0.071206607
1824,0.073530051
1825,0.086093269
1826,0.170792824
1829,0.07136307
1834,0.260645895
1836,0.183647817
1842,0.035480323
1848,0.328972314
1856,0.042328269
1858,0.24684604
1867,0.08352647
1868,0.272717355
1869,0.071655851
1870,0.035404948
1875,0.033189605
1882,0.305452347
1884,0.040609047
1887,0.170792824
1888,0.071206607
1894,0.042417735
1896,0.071352563
1898,0.110655201
1901,0.071352563
1902,0.042238984
1906,0.071509322
1912,0.071206607
1916,0.072086496
1924,0.086093269
1927,0.071655851
1930,0.035404948
1931,0.246027146
1939,0.06567351
1945,0.255801312
1947,0.459450013
1955,0.035480323
1956,0.315758397
1958,0.072086496
1959,0.349029891
1962,0.062769583
1963,0.315758397
1964,0.062769583
1970,0.04259721
1973,0.040781194
1975,0.042238984
1982,0.260645895
1989,0.4599362
1991,0.071206607
1992,0.393296307
1993,0.035555853
1997,0.039590688
2000,0.035480323
2004,0.086093269
2006,0.042238984
2013,0.035555853
2014,0.040781194
2017,0.071206607
2024,0.110655201
2026,0.06567351
2027,0.071217094
2028,0.799608136
2029,0.035555853
2038,0.040609047
2039,0.113952017
2040,0.170792824
2043,0.190691266
2047,0.040609047
2049,0.035631537
2050,0.295259914
2055,0.061094156
2059,0.040523234
2061,0.033331393
2064,0.035404948
2065,0.042328269
2066,0.042238984
2070,0.068724687
2071,0.035404948
2074,0.086093269
2075,0.035480323
2078,0.172359757
2080,0.062769583
2083,0.040609047
2085,0.035329727
2086,0.170792824
2088,0.042906105
2090,0.353135378
2091,0.042238984
2093,0.170792824
2098,0.035329727
2103,0.042238984
2104,0.035404948
2113,0.068724687
2115,0.071352563
2120,0.035404948
2127,0.071352563
2128,0.042328269
2146,0.071352563
2152,0.170792824
2155,0.035631537
2157,0.042060952
2175,0.071352563
2179,0.035404948
2180,0.035631537
2181,0.073530051
2183,0.033331393
2187,0.071655851
2189,0.042149878
2192,0.071206607
2196,0.068724687
2197,0.042328269
2201,0.071802657
2202,0.042328269
2203,0.338091179
2204,0.111963788
2207,0.252213381
2212,0.071802657
2215,0.30839276
2218,0.071802657
2222,0.042149878
2225,0.035555853
2232,0.2642858
2233,0.166771761
2234,0.524886663
2236,0.84102914
2243,0.035404948
2249,0.416522602
2251,0.170792824
2254,0.040609047
2262,0.316711895
2268,0.071352563
2275,0.453918017
2277,0.042328269
2279,0.035404948
2294,0.042149878
2303,0.035404948
2308,0.170792824
2309,0.035254661
2310,0.073530051
2315,0.463223891
2328,0.035404948
2332,0.06567351
2333,0.042238984
2334,0.040861316
2339,0.040781194
2343,0.071352563
2347,0.042238984
2348,0.08352647
2349,0.170792824
2352,0.033189605
2360,0.04259721
2361,0.04277741
2362,0.035254661
2385,0.035480323
2392,0.071206607
2393,0.315758397
2396,0.035555853
2398,0.035404948
2399,0.042507382
2402,0.035631537
2406,0.042060952
2412,0.067039423
2425,0.060090177
2433,0.170792824
2434,0.035480323
2440,0.033189605
2448,0.438791645
2450,0.035631537
2453,0.060090177
2455,0.073530051
2456,0.071352563
2457,0.716408395
2463,0.180365351
2464,0.110655201
2466,0.071352563
2468,0.071352563
2469,0.035404948
2471,0.183647817
2473,0.311566842
2474,0.040609047
2475,0.086093269
2479,0.035631537
2488,0.035555853
2491,0.042906105
2493,0.113952017
2497,0.040609047
2498,0.071802657
2502,0.035555853
2503,0.696671517
2505,0.035254661
2508,0.691233333
2513,0.051821601
2514,0.033189605
2517,0.040609047
2520,0.042238984
2521,0.071352563
2523,0.458355051
2526,0.071206607
2527,0.071206607
2529,0.086093269
2533,0.527085524
2534,0.172359757
2535,0.035631537
2539,0.051821601
2542,0.346268637
2545,0.035329727
2546,0.035555853
2549,0.072086496
2559,0.051821601
2560,0.071206607
2561,0.035555853
2562,0.062888939
2564,0.056002687
2565,0.326058671
2577,0.061094156
2578,0.035555853
2583,0.071802657
2588,0.071655851
2594,0.071352563
2596,0.071352563
2612,0.035329727
2615,0.071217094
2625,0.17393805
2628,0.035631537
2629,0.042149878
2634,0.062769583
2635,0.072086496
2640,0.035480323
2642,0.340385135
2646,0.071352563
2647,0.040609047
2650,0.068724687
2651,0.310149858
2653,0.08352647
2657,0.071206607
2660,0.310149858
2661,0.042417735
2667,0.062769583
2669,0.056002687
2671,0.271504958
2682,0.035631537
2687,0.717983503
2693,0.15866277
2694,0.715511646
2695,0.228298118
2699,0.042238984
2702,0.110655201
2703,0.071206607
2704,0.170792824
2709,0.040781194
2711,0.071206607
2718,0.06567351
2719,0.29662591
2720,0.042238984
2721,0.035254661
2723,0.65242541
2727,0.086093269
2728,0.061094156
2729,0.042906105
2731,0.040781194
2733,0.062769583
2734,0.035404948
2735,0.343777396
2736,0.035631537
2737,0.072086496
2740,0.040781194
2743,0.040861316
2745,0.415451316
2753,0.357300475
2755,0.055400031
2757,0.170792824
2759,0.035404948
2760,0.033260426
2771,0.084204069
2782,0.035555853
2786,0.113952017
2787,0.033331393
2794,0.042149878
2798,0.040781194
2801,0.060090177
2802,0.042060952
2805,0.035329727
2810,0.614328377
2818,0.346030209
2819,0.040781194
2820,0.042149878
2825,0.064732812
2835,0.071206607
2839,0.071352563
2845,0.172359757
2846,0.071352563
2847,0.071206607
2850,0.665121812
2852,0.071206607
2853,0.035404948
2855,0.035404948
2856,0.035631537
2870,0.035404948
2872,0.072086496
2876,0.071802657
2878,0.042238984
2882,0.040609047
2886,0.042906105
2887,0.071206607
2890,0.08352647
2891,0.071206607
2894,0.071071393
2895,0.042149878
2896,0.040695033
2905,0.183647817
2906,0.08352647
2907,0.040523234
2911,0.344356477
2915,0.071802657
2917,0.637467157
2918,0.042507382
2927,0.072086496
2932,0.071802657
2935,0.033189605
2938,0.071802657
2941,0.035404948
2945,0.071802657
2947,0.39635688
2952,0.071206607
2957,0.453918017
2958,0.033260426
2965,0.060090177
2966,0.115069833
2970,0.035480323
2971,0.033189605
2981,0.254323173
2984,0.042238984
2986,0.682085393
2987,0.170792824
2990,0.040431443
2995,0.035404948
2996,0.068724687
3001,0.068724687
3002,0.170792824
3003,0.040861316
3005,0.268595046
3008,0.051821601
3013,0.071655851
3014,0.071352563
3016,0.035404948
3020,0.071352563
3026,0.040431443
3027,0.040431443
3029,0.035404948
3032,0.71879685
3033,0.033189605
3040,0.356668858
3041,0.071352563
3046,0.035404948
3049,0.071655851
3053,0.349029891
3056,0.454464595
3057,0.035404948
3060,0.035631537
3063,0.042149878
3064,0.035254661
3068,0.035555853
3073,0.068724687
3074,0.04259721
3078,0.056002687
3079,0.042149878
3081,0.359328245
3084,0.051821601
3087,0.06567351
3089,0.060090177
3091,0.051821601
3095,0.06567351
3098,0.071655851
3109,0.035329727
3110,0.033189605
3111,0.071206607
3113,0.061094156
3116,0.08352647
3117,0.245858711
3120,0.068431665
3122,0.356288497
3124,0.035404948
3130,0.170792824
3133,0.086093269
3134,0.035404948
3141,0.071802657
3142,0.727447596
3147,0.051821601
3151,0.071206607
3153,0.035254661
3161,0.035631537
3166,0.071217094
3169,0.290616039
3171,0.035631537
3174,0.111963788
3175,0.042149878
3182,0.035254661
3185,0.071206607
3195,0.071206607
3198,0.071206607
3202,0.073530051
3206,0.062888939
3208,0.08352647
3211,0.040781194
3213,0.071217094
3221,0.170792824
3225,0.035404948
3231,0.07136307
3232,0.042238984
3238,0.110655201
3240,0.042149878
3241,0.051821601
3242,0.062769583
3244,0.035254661
3248,0.042060952
3250,0.656051033
3251,0.035404948
3256,0.061094156
3259,0.035480323
3261,0.270766267
3262,0.071655851
3265,0.040861316
3267,0.042149878
3268,0.033260426
3273,0.111963788
3275,0.347349356
3276,0.062769583
3277,0.040431443
3278,0.071802657
3279,0.073530051
3282,0.033189605
3288,0.06567351
3289,0.073530051
3294,0.035404948
3303,0.071206607
3314,0.201817971
3317,0.110655201
3321,0.035404948
3333,0.051821601
3334,0.056002687
3342,0.051821601
3345,0.035254661
3346,0.711271259
3354,0.035329727
3355,0.056002687
3356,0.782417139
3358,0.040781194
3359,0.035329727
3362,0.170792824
3364,0.042149878
3365,0.071206607
3367,0.071655851
3369,0.035631537
3377,0.071217094
3378,0.357681315
3379,0.035404948
3380,0.316711895
3393,0.042328269
3398,0.062769583
3407,0.424581728
3419,0.035631537
3422,0.042417735
3423,0.071352563
3425,0.051821601
3428,0.071655851
3432,0.170792824
3438,0.035404948
3440,0.035404948
3441,0.190691266
3445,0.064732812
3449,0.040609047
3458,0.042238984
3459,0.042238984
3462,0.040861316
3470,0.071802657
3471,0.051821601
3472,0.035329727
3480,0.07136307
3481,0.060090177
3483,0.035404948
3486,0.170792824
3488,0.042149878
3490,0.071352563
3491,0.040523234
3496,0.040695033
3497,0.035404948
3500,0.15866277
3501,0.071206607
3509,0.068431665
3511,0.07136307
3512,0.035404948
3516,0.062888939
3517,0.828817726
3518,0.039590688
3520,0.068431665
3525,0.040861316
3526,0.073530051
3528,0.035329727
3529,0.068431665
3534,0.042328269
3538,0.240773122
3539,0.297683166
3542,0.04259721
3544,0.266004171
3549,0.071217094
3550,0.040781194
3557,0.035404948
3562,0.071352563
3567,0.441440964
3574,0.24684604
3576,0.068724687
3577,0.033189605
3582,0.042238984
3583,0.035404948
3584,0.071217094
3585,0.035254661
3588,0.071352563
3593,0.715511646
3601,0.086093269
3602,0.071802657
3603,0.067039423
3606,0.172359757
3607,0.071792091
3608,0.042149878
3613,0.072086496
3617,0.042149878
3618,0.035404948
3619,0.172359757
3620,0.072086496
3621,0.035480323
3629,0.042328269
3634,0.035631537
3643,0.040609047
3644,0.042507382
3646,0.040781194
3647,0.338091179
3650,0.040431443
3652,0.190691266
3654,0.051821601
3655,0.071206607
3656,0.164335111
3657,0.035329727
3670,0.172359757
3671,0.068724687
3675,0.040781194
3676,0.035254661
3677,0.071655851
3678,0.035480323
3682,0.115069833
3688,0.064732812
3692,0.071352563
3695,0.040609047
3701,0.08352647
3708,0.073530051
3709,0.08352647
3713,0.709344006
3723,0.064732812
3732,0.042417735
3738,0.071655851
3740,0.04259721
3741,0.040781194
3742,0.256641666
3749,0.071509322
3751,0.071352563
3754,0.071802657
3755,0.035480323
3761,0.035404948
3762,0.071352563
3767,0.424581728
3774,0.071217094
3776,0.683866322
3777,0.061094156
3779,0.08352647
3782,0.08352647
3786,0.359328245
3788,0.040861316
3790,0.042149878
3798,0.035555853
3799,0.633903335
3803,0.040523234
3810,0.040609047
3811,0.035404948
3813,0.040781194
3815,0.035480323
3817,0.355277802
3819,0.042238984
3826,0.180365351
3827,0.310137335
3828,0.035480323
3830,0.068724687
3832,0.035329727
3833,0.305110721
3835,0.071655851
3838,0.086093269
3841,0.111963788
3843,0.653559205
3846,0.040861316
3848,0.042417735
3849,0.035329727
3855,0.040861316
3856,0.033189605
3857,0.035404948
3860,0.033260426
3864,0.040781194
3866,0.086093269
3867,0.042906105
3868,0.06567351
3875,0.426198521
3878,0.29999308
3882,0.035404948
3884,0.035631537
3888,0.042328269
3889,0.458355051
3891,0.060090177
3894,0.035329727
3896,0.035480323
3898,0.040695033
3899,0.172359757
3901,0.068431665
3906,0.042238984
3921,0.071206607
3927,0.04277741
3930,0.035404948
3932,0.042328269
3935,0.316711895
3937,0.064732812
3938,0.071352563
3939,0.035404948
3943,0.060090177
3945,0.086093269
3949,0.040781194
3961,0.035555853
3963,0.071655851
3964,0.068724687
3967,0.042149878
3968,0.060090177
3981,0.268595046
3982,0.04259721
3985,0.06567351
3994,0.343777396
3996,0.035404948
3998,0.203368242
4013,0.035329727
4018,0.035329727
4019,0.060090177
4020,0.035480323
4030,0.071655851
4035,0.071352563
4039,0.071206607
4041,0.670988919
4042,0.035631537
4044,0.035404948
4047,0.033331393
4048,0.254323173
4052,0.035555853
4053,0.071206607
4055,0.040609047
4057,0.035329727
4070,0.110655201
4071,0.040609047
4073,0.073530051
4076,0.071802657
4080,0.062888939
4081,0.04277741
4100,0.071206607
4101,0.111963788
4104,0.110655201
4106,0.035254661
4109,0.042417735
4117,0.056002687
4122,0.071352563
4123,0.270766267
4129,0.042507382
4130,0.111963788
4133,0.035480323
4135,0.035404948
4137,0.040781194
4140,0.071206607
4144,0.071217094
4145,0.071206607
4152,0.062888939
4154,0.344854441
4155,0.316711895
4156,0.170792824
4157,0.708816385
4160,0.042238984
4163,0.035404948
4168,0.062769583
4170,0.45337155
4172,0.651527105
4184,0.071655851
4190,0.035404948
4192,0.061094156
4196,0.035404948
4197,0.315758397
4198,0.071352563
4199,0.15866277
4200,0.170792824
4203,0.705774829
4205,0.071802657
4207,0.042149878
4209,0.071217094
4217,0.042328269
4218,0.061094156
4219,0.071655851
4220,0.042238984
4226,0.035480323
4228,0.195153979
4230,0.064732812
4235,0.684295111
4244,0.042328269
4248,0.035480323
4249,0.040781194
4250,0.042149878
4252,0.035254661
4260,0.035404948
4276,0.033189605
4280,0.111963788
4282,0.040609047
4283,0.062769583
4293,0.071217094
4294,0.060090177
4299,0.056002687
4302,0.071206607
4305,0.073530051
4308,0.042149878
4314,0.042060952
4319,0.072086496
4322,0.042149878
4323,0.071352563
4326,0.035329727
4328,0.632176436
4329,0.170792824
4334,0.040523234
4336,0.035404948
4338,0.042149878
4339,0.040695033
4340,0.071217094
4341,0.040861316
4343,0.035254661
4349,0.072086496
4353,0.071352563
4354,0.071352563
4356,0.051821601
4359,0.042149878
4365,0.068724687
4367,0.035480323
4369,0.042328269
4372,0.035404948
4378,0.042060952
4379,0.309207176
4383,0.071217094
4386,0.035404948
4388,0.04259721
4389,0.268595046
4391,0.071802657
4392,0.035404948
4402,0.084204069
4405,0.042417735
4412,0.244473172
4413,0.035329727
4414,0.409718835
4415,0.061094156
4416,0.071802657
4423,0.042149878
4427,0.042328269
4431,0.110655201
4437,0.035555853
4438,0.056002687
4439,0.071352563
4440,0.064732812
4443,0.110655201
4444,0.035329727
4446,0.033331393
4448,0.344854441
4450,0.042149878
4454,0.035404948
4457,0.035555853
4463,0.71692941
4464,0.033189605
4466,0.111963788
4467,0.304840317
4469,0.061094156
4470,0.071802657
4479,0.033260426
4480,0.071206607
4481,0.071655851
4488,0.071655851
4492,0.04259721
4494,0.064732812
4495,0.195153979
4501,0.110655201
4508,0.073530051
4509,0.035404948
4515,0.062769583
4516,0.071206607
4517,0.035254661
4522,0.357681315
4523,0.042149878
4524,0.073530051
4526,0.072086496
4529,0.067039423
4530,0.071206607
4534,0.071802657
4536,0.071206607
4540,0.040266837
4541,0.815011046
4542,0.035480323
4544,0.305868538
4546,0.035404948
4548,0.061094156
4556,0.068724687
4561,0.338091179
4564,0.056002687
4567,0.071655851
4569,0.042149878
4579,0.042417735
4580,0.040609047
4582,0.042238984
4583,0.260645895
4591,0.071206607
4592,0.299856064
4594,0.040695033
4597,0.071352563
4600,0.042328269
4601,0.071655851
4605,0.056002687
4608,0.060090177
4610,0.035254661
4613,0.062769583
4616,0.035555853
4622,0.315758397
4627,0.828817726
4629,0.042507382
4635,0.042328269
4636,0.071802657
4638,0.110655201
4639,0.042328269
4641,0.035404948
4642,0.042328269
4643,0.035404948
4644,0.035329727
4646,0.040609047
4651,0.071352563
4652,0.458355051
4655,0.042238984
4656,0.458355051
4659,0.064732812
4662,0.246027146
4663,0.071352563
4666,0.343777396
4673,0.678065475
4674,0.042417735
4675,0.067039423
4679,0.110655201
4684,0.035555853
4685,0.071352563
4688,0.071802657
4690,0.062769583
4693,0.042238984
4694,0.040861316
4695,0.042149878
4696,0.051821601
4699,0.062888939
4700,0.270331141
4702,0.035404948
4710,0.176487016
4712,0.17393805
4714,0.064732812
4715,0.062769583
4719,0.071206607
4725,0.035404948
4727,0.071206607
4734,0.040523234
4741,0.268595046
4743,0.071206607
4746,0.071071393
4755,0.071655851
4761,0.67795232
4763,0.062888939
4764,0.035404948
4767,0.356288497
4774,0.270766267
4776,0.071206607
4782,0.035631537
4783,0.040781194
4785,0.035404948
4787,0.071509322
4802,0.071206607
4803,0.035254661
4805,0.056002687
4806,0.035329727
4813,0.29662591
4817,0.04259721
4822,0.260870468
4823,0.035329727
4827,0.608402658
4828,0.051821601
4830,0.042328269
4831,0.040781194
4833,0.195153979
4837,0.068724687
4838,0.035329727
4839,0.035404948
4840,0.035404948
4849,0.035404948
4850,0.035329727
4853,0.035480323
4854,0.035631537
4857,0.033331393
4862,0.060090177
4867,0.15866277
4868,0.035404948
4871,0.040609047
4875,0.040781194
4877,0.084204069
4878,0.072086496
4879,0.071802657
4882,0.056002687
4883,0.071802657
4889,0.033260426
4890,0.086093269
4900,0.432287222
4903,0.08352647
4906,0.042417735
4909,0.071655851
4910,0.356668858
4911,0.04259721
4912,0.040609047
4919,0.042149878
4920,0.042328269
4922,0.035480323
4924,0.04277741
4925,0.170792824
4929,0.766182337
4930,0.042238984
4931,0.170792824
4936,0.042328269
4947,0.035555853
4950,0.04259721
4955,0.710252324
4957,0.042328269
4958,0.071352563
4959,0.071655851
4961,0.298020043
4966,0.033260426
4967,0.186306982
4970,0.08352647
4974,0.035404948
4975,0.067039423
4977,0.072086496
4980,0.071655851
4982,0.190691266
4984,0.071655851
4987,0.068431665
4988,0.172359757
4989,0.073530051
4992,0.41438083
4994,0.071206607
4995,0.040609047
4997,0.040431443
5000,0.073530051
5002,0.035254661
5010,0.064732812
5016,0.071655851
5020,0.035404948
5021,0.071206607
5025,0.071802657
5028,0.086093269
5033,0.040861316
5041,0.056002687
5050,0.035254661
5063,0.035404948
5064,0.042417735
5065,0.183647817
5067,0.035480323
5076,0.035404948
5079,0.042149878
5080,0.315758397
5085,0.071655851
5086,0.042238984
5087,0.042507382
5092,0.035480323
5099,0.071206607
5102,0.035555853
5104,0.343777396
5106,0.08352647
5110,0.051821601
5112,0.17393805
5113,0.035555853
5116,0.035254661
5118,0.08352647
5119,0.042238984
5120,0.071206607
5122,0.056002687
5124,0.040609047
5130,0.071206607
5133,0.060090177
5134,0.040781194
5139,0.040609047
5143,0.06567351
5146,0.040609047
5150,0.073530051
5151,0.086093269
5155,0.042328269
5156,0.456104983
5159,0.042149878
5160,0.710179693
5162,0.071655851
5164,0.035480323
5173,0.071071393
5179,0.060090177
5188,0.28180544
5190,0.071206607
5194,0.035555853
5201,0.035555853
5205,0.035555853
5209,0.170792824
5212,0.315758397
5223,0.040781194
5241,0.072086496
5247,0.042149878
5248,0.035329727
5255,0.040861316
5256,0.25429822
5258,0.608204983
5261,0.042906105
5263,0.040781194
5264,0.056002687
5270,0.040781194
5274,0.356082187
5279,0.073530051
5285,0.068724687
5288,0.071802657
5292,0.260645895
5295,0.073530051
5297,0.110655201
5300,0.427277262
5303,0.040695033
5309,0.042417735
5323,0.111963788
5324,0.042060952
5326,0.071206607
5329,0.15866277
5335,0.035631537
5336,0.071655851
5343,0.042238984
5344,0.283314474
5345,0.071217094
5347,0.071655851
5351,0.271069086
5354,0.035480323
5355,0.170792824
5359,0.035254661
5362,0.035631537
5364,0.071352563
5365,0.06567351
5369,0.042149878
5371,0.035329727
5374,0.060090177
5375,0.190691266
5376,0.15866277
5387,0.051821601
5398,0.166771761
5410,0.040609047
5416,0.035404948
5419,0.042328269
5420,0.060090177
5421,0.042238984
5427,0.035555853
5429,0.111963788
5431,0.071509322
5437,0.035329727
5439,0.071352563
5441,0.071352563
5445,0.170792824
5451,0.064732812
5457,0.042906105
5459,0.304466008
5461,0.071217094
5463,0.292971192
5464,0.315758397
5465,0.524336794
5472,0.035404948
5476,0.040609047
5477,0.073530051
5478,0.170792824
5482,0.040781194
5483,0.356668858
5484,0.042417735
5487,0.084204069
5488,0.042238984
5496,0.040523234
5505,0.042149878
5507,0.424581728
5509,0.071802657
5511,0.268595046
5513,0.040609047
5514,0.042149878
5516,0.051821601
5517,0.256641666
5520,0.061094156
5523,0.790885587
5524,0.042238984
5528,0.212967355
5529,0.415451316
5539,0.035404948
5541,0.042238984
5542,0.073530051
5543,0.040695033
5544,0.08352647
5546,0.071206607
5551,0.115069833
5552,0.035329727
5556,0.035404948
5557,0.042238984
5561,0.035404948
5570,0.035329727
5576,0.068431665
5580,0.033260426
5585,0.528733985
5587,0.040609047
5590,0.042238984
5594,0.071206607
5595,0.040609047
5597,0.071352563
5601,0.464320513
5606,0.07136307
5615,0.042060952
5616,0.035404948
5626,0.035254661
5631,0.061094156
5635,0.180365351
5639,0.170792824
5640,0.035404948
5644,0.042328269
5646,0.791613942
5655,0.042238984
5657,0.071352563
5658,0.068724687
5659,0.035404948
5660,0.042328269
5672,0.035254661
5678,0.172359757
5679,0.071206607
5680,0.035404948
5681,0.04259721
5682,0.033331393
5684,0.035404948
5692,0.071206607
5695,0.035404948
5703,0.042149878
5706,0.071206607
5707,0.035404948
5708,0.08352647
5710,0.033260426
5714,0.042149878
5721,0.035329727
5722,0.042149878
5725,0.15866277
5730,0.067039423
5733,0.042149878
5737,0.315758397
5738,0.051821601
5741,0.035404948
5743,0.071655851
5752,0.051821601
5755,0.042906105
5758,0.062888939
5769,0.071206607
5771,0.040781194
5779,0.071206607
5780,0.170792824
5781,0.042149878
5783,0.06567351
5784,0.035631537
5789,0.042417735
5790,0.071206607
5791,0.061094156
5798,0.042238984
5801,0.071206607
5802,0.115069833
5804,0.040609047
5806,0.071217094
5811,0.042906105
5812,0.06567351
5813,0.071206607
5815,0.735008642
5816,0.042238984
5817,0.042507382
5820,0.071655851
5821,0.068724687
5823,0.064732812
5825,0.035555853
5826,0.035329727
5827,0.042149878
5829,0.110655201
5847,0.042328269
5848,0.035404948
5849,0.170792824
5852,0.071217094
5859,0.040861316
5861,0.042149878
5865,0.071206607
5866,0.068431665
5867,0.042328269
5868,0.035555853
5869,0.357681315
5871,0.062888939
5873,0.071802657
5875,0.071217094
5879,0.170792824
5880,0.525436472
5881,0.042507382
5886,0.715511646
5888,0.040781194
5890,0.062888939
5898,0.033260426
5900,0.08352647
5901,0.068724687
5902,0.035631537
5905,0.073530051
5907,0.042060952
5910,0.062769583
5915,0.035555853
5926,0.06567351
5927,0.06567351
5929,0.068724687
5933,0.581065786
5945,0.035254661
5947,0.323510832
5952,0.336168226
5953,0.035404948
5959,0.270766267
5962,0.071509322
5965,0.035329727
5967,0.042328269
5975,0.111963788
5978,0.064732812
5982,0.360344023
5990,0.068724687
5994,0.062769583
5995,0.033260426
5996,0.170792824
6000,0.033260426
6002,0.035404948
6005,0.035631537
6013,0.111963788
6015,0.051821601
6025,0.062888939
6027,0.035329727
6029,0.035555853
6031,0.195153979
6032,0.110655201
6037,0.033331393
6038,0.071655851
6042,0.073530051
6044,0.040609047
6048,0.035329727
6049,0.035555853
6069,0.071802657
6071,0.315758397
6072,0.06567351
6077,0.035254661
6080,0.068724687
6083,0.071206607
6084,0.035329727
6085,0.067039423
6089,0.056002687
6094,0.035329727
6102,0.042507382
6104,0.068431665
6105,0.035404948
6107,0.042149878
6108,0.071206607
6110,0.071655851
6111,0.035404948
6113,0.035254661
6114,0.072086496
6119,0.033189605
6132,0.040861316
6135,0.035404948
6136,0.035555853
6139,0.06567351
6140,0.042328269
6141,0.042149878
6142,0.035329727
6144,0.042328269
6145,0.08352647
6146,0.042328269
6151,0.659342212
6152,0.039590688
6157,0.051821601
6158,0.270331141
6161,0.042328269
6165,0.347267508
6172,0.042149878
6174,0.249556442
6179,0.040781194
6183,0.251211745
6185,0.061094156
6189,0.051821601
6192,0.071352563
6195,0.04259721
6205,0.051821601
6206,0.071802657
6212,0.071206607
6213,0.042906105
6218,0.035329727
6220,0.071655851
6225,0.042238984
6228,0.035254661
6231,0.360344023
6232,0.341553609
6234,0.796825025
6243,0.035404948
6244,0.042238984
6245,0.040781194
6249,0.040781194
6252,0.071802657
6260,0.040781194
6263,0.172359757
6267,0.035329727
6271,0.042507382
6272,0.067039423
6277,0.424581728
6280,0.035480323
6282,0.438791645
6288,0.040609047
6294,0.170792824
6295,0.068724687
6300,0.08352647
6301,0.409718835
6304,0.042238984
6315,0.316711895
6316,0.042328269
6324,0.035329727
6327,0.035404948
6333,0.035404948
6334,0.071352563
6336,0.071802657
6338,0.316711895
6340,0.042417735
6342,0.035480323
6343,0.662489468
6346,0.035404948
6351,0.061094156
6353,0.08352647
6359,0.035254661
6360,0.071206607
6365,0.033260426
6367,0.035404948
6370,0.035404948
6372,0.04259721
6375,0.042906105
6376,0.067039423
6388,0.035329727
6390,0.035404948
6392,0.042328269
6396,0.035555853
6399,0.042328269
6400,0.111963788
6402,0.062769583
6405,0.073530051
6407,0.071802657
6411,0.170792824
6412,0.06567351
6414,0.06567351
6421,0.443616651
6422,0.07136307
6425,0.035404948
6428,0.071352563
6433,0.170792824
6435,0.064732812
6445,0.060090177
6451,0.062769583
6453,0.042149878
6456,0.056002687
6463,0.071655851
6465,0.042238984
6468,0.042328269
6471,0.042149878
6475,0.071802657
6476,0.073530051
6477,0.670491553
6479,0.056002687
6481,0.040695033
6491,0.040695033
6492,0.071792091
6494,0.071206607
6496,0.042238984
6497,0.04259721
6504,0.072086496
6506,0.111963788
6507,0.08352647
6509,0.035404948
6516,0.325384023
6517,0.071352563
6518,0.042060952
6523,0.631719121
6530,0.035404948
6532,0.15866277
6533,0.042417735
6534,0.071655851
6540,0.042328269
6544,0.170792824
6545,0.071206607
6552,0.035404948
6553,0.08352647
6556,0.073530051
6564,0.060090177
6566,0.035254661
6568,0.040781194
6576,0.033189605
6577,0.064732812
6585,0.424581728
6590,0.040609047
6596,0.040861316
6597,0.035404948
6599,0.071352563
6600,0.071206607
6604,0.035254661
6605,0.303972017
6607,0.035404948
6608,0.831614741
6613,0.266004171
6620,0.071206607
6627,0.111963788
6629,0.035404948
6635,0.040609047
6636,0.30451764
6643,0.035329727
6644,0.042906105
6647,0.067039423
6650,0.086093269
6651,0.042149878
6658,0.033189605
6659,0.035329727
6662,0.042417735
6666,0.035404948
6668,0.071206607
6669,0.068724687
6671,0.040861316
6672,0.59890773
6682,0.040861316
6687,0.062888939
6690,0.062769583
6692,0.113952017
6694,0.65836084
6697,0.071206607
6701,0.035631537
6703,0.040781194
6706,0.040609047
6710,0.06567351
6712,0.064732812
6716,0.042507382
6717,0.04277741
6720,0.298943379
6724,0.071352563
6725,0.035480323
6727,0.035254661
6729,0.051821601
6731,0.035555853
6734,0.26114656
6735,0.072086496
6743,0.040523234
6751,0.035329727
6755,0.040695033
6757,0.040609047
6758,0.715511646
6773,0.071655851
6775,0.071802657
6777,0.06567351
6778,0.035329727
6779,0.035480323
6783,0.040695033
6796,0.270331141
6798,0.08352647
6802,0.042149878
6804,0.071206607
6805,0.073530051
6810,0.035329727
6811,0.07136307
6817,0.172359757
6819,0.033189605
6821,0.040609047
6823,0.071655851
6825,0.040609047
6826,0.15866277
6831,0.071352563
6833,0.040861316
6837,0.170792824
6841,0.035404948
6842,0.068724687
6843,0.035404948
6845,0.056002687
6852,0.040523234
6854,0.040609047
6862,0.04277741
6863,0.035404948
6865,0.042149878
6872,0.071655851
6873,0.035404948
6874,0.244473172
6875,0.062888939
6886,0.040523234
6893,0.042417735
6898,0.040266837
6901,0.040609047
6904,0.072086496
6905,0.056002687
6907,0.042149878
6908,0.201817971
6911,0.071217094
6913,0.061094156
6914,0.040781194
6915,0.033331393
6920,0.356082187
6921,0.736774206
6924,0.176487016
6931,0.040523234
6933,0.035480323
6936,0.035404948
6937,0.086093269
6938,0.071655851
6941,0.08352647
6945,0.703532968
6946,0.040781194
6948,0.035631537
6950,0.042417735
6951,0.067039423
6952,0.035404948
6953,0.040861316
6961,0.315758397
6967,0.042417735
6972,0.067039423
6975,0.071206607
6978,0.051821601
6979,0.073530051
6980,0.040781194
6981,0.056002687
6982,0.061094156
6984,0.033331393
6988,0.042906105
6991,0.042906105
6992,0.071802657
6996,0.056002687
7003,0.195153979
7005,0.040609047
7010,0.08352647
7016,0.071655851
7017,0.064732812
7019,0.068724687
7022,0.040695033
7024,0.033189605
7028,0.071206607
7029,0.071509322
7030,0.035631537
7031,0.060090177
7035,0.061094156
7042,0.064732812
7048,0.035404948
7051,0.33859129
7055,0.111963788
7058,0.04259721
7059,0.071655851
7063,0.41866753
7064,0.343777396
7065,0.040781194
7066,0.29312695
7067,0.071802657
7068,0.042328269
7069,0.068724687
7071,0.042149878
7076,0.042507382
7079,0.073530051
7087,0.338091179
7088,0.067039423
7089,0.79718174
7090,0.072086496
7098,0.033331393
7099,0.068724687
7102,0.042060952
7104,0.17393805
7107,0.071655851
7108,0.040609047
7110,0.035404948
7111,0.06567351
7125,0.062769583
7128,0.062769583
7130,0.183647817
7132,0.269462211
7133,0.035404948
7134,0.035555853
7136,0.033189605
7137,0.035329727
7138,0.256641666
7139,0.071352563
7141,0.035404948
7145,0.035404948
7147,0.071206607
7149,0.04259721
7156,0.035404948
7157,0.267597979
7165,0.086093269
7167,0.04259721
7168,0.040609047
7170,0.25429822
7172,0.297098351
7175,0.266004171
7178,0.035631537
7180,0.056002687
7186,0.071352563
7188,0.035404948
7191,0.042417735
7195,0.24684604
7197,0.086093269
7199,0.035631537
7202,0.035404948
7203,0.071206607
7213,0.084204069
7214,0.042328269
7215,0.056002687
7223,0.035404948
7224,0.042906105
7226,0.331706955
7229,0.170792824
7231,0.071352563
7232,0.06567351
7235,0.040431443
7241,0.035631537
7242,0.033189605
7243,0.073530051
7246,0.042060952
7247,0.08352647
7248,0.062769583
7250,0.035555853
7254,0.035404948
7257,0.033331393
7258,0.340880342
7264,0.04259721
7269,0.035555853
7272,0.523786865
7273,0.035555853
7274,0.298020043
7275,0.072086496
7279,0.068724687
7283,0.042238984
7284,0.042328269
7302,0.040781194
7308,0.422428517
7311,0.042149878
7312,0.067039423
7313,0.064732812
7314,0.040861316
7318,0.071509322
7320,0.111963788
7321,0.08352647
7326,0.062769583
7327,0.035329727
7328,0.035631537
7337,0.062888939
7338,0.035480323
7340,0.035329727
7346,0.042149878
7347,0.033189605
7356,0.111963788
7357,0.035329727
7358,0.04277741
7361,0.084204069
7367,0.042149878
7376,0.060090177
7380,0.357300475
7382,0.111963788
7384,0.040609047
7393,0.409718835
7403,0.071509322
7404,0.071352563
7406,0.035329727
7412,0.356082187
7420,0.323510832
7422,0.308186597
7423,0.064732812
7430,0.07136307
7432,0.042149878
7433,0.072086496
7434,0.042328269
7437,0.071206607
7441,0.110655201
7446,0.062888939
7459,0.071655851
7463,0.042149878
7465,0.035329727
7474,0.072086496
7475,0.042328269
7477,0.453918017
7478,0.110655201
7479,0.067039423
7487,0.110655201
7488,0.04277741
7492,0.807952834
7493,0.459450013
7496,0.060090177
7497,0.062769583
7501,0.042328269
7502,0.245858711
7505,0.035555853
7506,0.067039423
7509,0.068724687
7513,0.033189605
7520,0.035404948
7524,0.343280172
7526,0.061094156
7527,0.042328269
7529,0.071802657
7532,0.115069833
7535,0.071352563
7537,0.110655201
7541,0.068724687
7546,0.199966404
7553,0.170792824
7554,0.042906105
7564,0.071352563
7570,0.064732812
7573,0.035404948
7575,0.349029891
7576,0.042906105
7579,0.035555853
7580,0.035480323
7582,0.170792824
7586,0.071206607
7587,0.035555853
7589,0.111963788
7594,0.042328269
7595,0.035631537
7599,0.033260426
7602,0.420278251
7608,0.071802657
7609,0.040781194
7614,0.785363284
7619,0.086093269
7625,0.040695033
7630,0.432681154
7633,0.305868538
7636,0.035404948
7643,0.060090177
7646,0.071217094
7649,0.040609047
7650,0.268595046
7651,0.073530051
7653,0.035404948
7654,0.056002687
7661,0.035404948
7665,0.060090177
7668,0.086093269
7674,0.170792824
7688,0.071352563
7689,0.040523234
7691,0.035404948
7692,0.035404948
7694,0.320622448
7695,0.347349356
7700,0.035631537
7702,0.252213381
7713,0.270331141
7716,0.086093269
7717,0.071802657
7719,0.033331393
7720,0.070925968
7722,0.267069509
7732,0.071206607
7733,0.040609047
7742,0.042238984
7743,0.042238984
7749,0.196542939
7751,0.033260426
7753,0.067039423
7754,0.035631537
7759,0.040781194
7761,0.343588139
7767,0.035329727
7768,0.042238984
7770,0.06567351
7772,0.071655851
7774,0.035631537
7777,0.068724687
7779,0.343777396
7780,0.464320513
7783,0.071352563
7786,0.071217094
7788,0.040861316
7789,0.040609047
7792,0.426198521
7794,0.176487016
7798,0.035404948
7802,0.062888939
7813,0.051821601
7815,0.042149878
7822,0.042328269
7823,0.331224835
7828,0.040523234
7830,0.071655851
7831,0.170792824
7832,0.071352563
7836,0.035480323
7850,0.035254661
7851,0.190691266
7852,0.071206607
7853,0.068724687
7854,0.344274962
7856,0.035631537
7858,0.042149878
7859,0.086093269
7861,0.071217094
7863,0.071206607
7865,0.209284975
7867,0.042328269
7868,0.042238984
7870,0.553147778
7874,0.071217094
7877,0.195153979
7878,0.316711895
7879,0.040781194
7900,6.58E-07
7910,0.170792824
7913,0.035404948
7924,0.092559897
7925,0.111963788
7926,0.07136307
7929,0.035404948
7932,0.042906105
7939,0.042417735
7942,0.183647817
7950,0.035329727
7951,0.035404948
7955,0.070925968
7962,0.346030209
7966,0.064732812
7967,0.035329727
7968,0.086093269
7969,0.071217094
7979,0.315758397
7980,0.071802657
7984,0.170792824
7985,0.727010233
7990,0.040781194
7991,0.040609047
7992,0.344854441
7996,0.302313203
7997,0.071352563
7999,0.071217094
8001,0.035329727
8002,0.416522602
8009,0.035404948
8010,0.062769583
8017,0.060090177
8020,0.042149878
8023,0.068431665
8025,0.071352563
8026,0.042060952
8027,0.035555853
8028,0.071352563
8035,0.068724687
8037,0.315758397
8038,0.042238984
8042,0.042906105
8046,0.035329727
8049,0.035404948
8050,0.062769583
8051,0.071206607
8052,0.06567351
8058,0.042417735
8067,0.071206607
8071,0.115069833
8076,0.426198521
8079,0.035254661
8082,0.042238984
8091,0.035254661
8095,0.08352647
8098,0.035329727
8099,0.042149878
8100,0.035631537
8102,0.068724687
8103,0.033260426
8110,0.042238984
8113,0.040609047
8115,0.071655851
8118,0.071206607
8122,0.042149878
8125,0.77084977
8126,0.035404948
8127,0.035404948
8128,0.040861316
8129,0.042417735
8134,0.062888939
8135,0.056002687
8141,0.071352563
8142,0.035404948
8145,0.170792824
8149,0.056002687
8152,0.176487016
8153,0.086093269
8154,0.040861316
8167,0.071802657
8170,0.033260426
8175,0.033189605
8176,0.086093269
8178,0.060090177
8181,0.035555853
8182,0.170792824
8183,0.071217094
8184,0.042507382
8186,0.060090177
8187,0.064732812
8188,0.201817971
8189,0.035631537
8190,0.172359757
8210,0.051821601
8211,0.331224835
8216,0.035555853
8220,0.061094156
8222,0.056002687
8223,0.035404948
8224,0.035404948
8225,0.035631537
8226,0.040781194
8227,0.183647817
8232,0.035555853
8235,0.08352647
8237,0.086093269
8238,0.035404948
8245,0.08352647
8248,0.073530051
8254,0.035254661
8257,0.04277741
8268,0.170792824
8269,0.042238984
8270,0.110655201
8271,0.071352563
8273,0.051821601
8278,0.035404948
8283,0.071206607
8284,0.07136307
8289,0.071802657
8290,0.042238984
8294,0.042906105
8300,0.06567351
8303,0.071206607
8305,0.166771761
8309,0.068724687
8311,0.040781194
8315,0.266004171
8316,0.056002687
8318,0.071217094
8323,0.304466008
8324,0.042417735
8326,0.08352647
8328,0.062769583
8332,0.071352563
8335,0.071217094
8336,0.170792824
8338,0.325384023
8339,0.071352563
8340,0.040695033
8342,0.071352563
8349,0.073530051
8352,0.071802657
8356,0.071655851
8358,0.071217094
8360,0.270766267
8363,0.056002687
8364,0.042906105
8366,0.315758397
8369,0.062769583
8370,0.170792824
8372,0.30451764
8375,0.347349356
8379,0.035404948
8385,0.033189605
8386,0.071206607
8387,0.061094156
8391,0.270331141
8401,0.170792824
8402,0.08352647
8403,0.033189605
8406,0.339395767
8408,0.086093269
8409,0.071206607
8418,0.41438083
8424,0.071802657
8434,0.033260426
8438,0.035404948
8445,0.071206607
8449,0.040781194
8452,0.577173415
8455,0.04259721
8456,0.071802657
8457,0.035404948
8458,0.040523234
8460,0.07136307
8461,0.035555853
8463,0.033331393
8466,0.035555853
8468,0.15866277
8469,0.033331393
8470,0.620682255
8476,0.040695033
8478,0.042238984
8481,0.035404948
8485,0.056002687
8499,0.033189605
8502,0.071206607
8509,0.068431665
8510,0.056002687
8521,0.040861316
8527,0.170792824
8530,0.042328269
8535,0.04277741
8536,0.382257428
8537,0.343777396
8538,0.042060952
8540,0.062769583
8551,0.042328269
8555,0.111963788
8556,0.042238984
8557,0.042328269
8559,0.06567351
8560,0.415451316
8563,0.697184481
8568,0.035480323
8571,0.04259721
8573,0.035480323
8575,0.051821601
8579,0.071655851
8581,0.060090177
8583,0.071206607
8584,0.042328269
8590,0.320271679
8591,0.071352563
8605,0.042149878
8619,0.035555853
8620,0.061094156
8622,0.071655851
8623,0.071352563
8624,0.06567351
8625,0.035329727
8628,0.040523234
8629,0.315758397
8631,0.071802657
8632,0.033189605
8638,0.071206607
8639,0.040781194
8643,0.170792824
8646,0.269462211
8648,0.068724687
8651,0.071509322
8652,0.071802657
8658,0.056002687
8660,0.042906105
8665,0.042507382
8670,0.042417735
8673,0.042238984
8679,0.056002687
8685,0.453918017
8688,0.040781194
8694,0.062769583
8695,0.071206607
8697,0.062769583
8702,0.071352563
8703,0.04259721
8704,0.035404948
8713,0.060090177
8715,0.421353011
8718,0.06567351
8723,0.040609047
8725,0.04259721
8726,0.062769583
8734,0.15866277
8742,0.035404948
8747,0.41438083
8748,0.170792824
8750,0.042238984
8752,0.067039423
8759,0.042238984
8761,0.042149878
8764,0.111963788
8770,0.252213381
8776,0.035555853
8779,0.331224835
8784,0.6926364
8787,0.035404948
8791,0.071802657
8792,0.07136307
8794,0.267069509
8795,0.709002038
8796,0.035404948
8797,0.071802657
8804,0.035404948
8807,0.113952017
8808,0.15866277
8809,0.086093269
8810,0.056002687
8815,0.042149878
8817,0.040781194
8819,0.706953732
8820,0.170792824
8822,0.246027146
8832,0.042149878
8837,0.071206607
8838,0.826932649
8845,0.062769583
8847,0.170792824
8849,0.170792824
8854,0.073530051
8855,0.033331393
8859,0.040431443
8860,0.071206607
8876,0.064732812
8879,0.035631537
8885,0.071206607
8891,0.035404948
8892,0.040695033
8896,0.071217094
8899,0.042149878
8900,0.426737804
8902,0.040781194
8904,0.042328269
8905,0.20570587
8906,0.064732812
8909,0.035555853
8912,0.062769583
8927,0.035329727
8929,0.040523234
8931,0.035404948
8933,0.071655851
8937,0.042060952
8939,0.042906105
8946,0.170792824
8948,0.061094156
8951,0.356082187
8955,0.042149878
8960,0.064732812
8961,0.24684604
8966,0.715511646
8967,0.071206607
8975,0.071802657
8979,0.042328269
8981,0.068724687
8982,0.035480323
8989,0.071802657
8991,0.214067734
8997,0.040609047
8999,0.071206607
9000,0.067039423
9001,0.071352563
9008,0.071655851
9011,0.042328269
9013,0.040695033
9014,0.042149878
9017,0.071206607
9018,0.071352563
9022,0.035329727
9023,0.035404948
9024,0.071352563
9028,0.110655201
9033,0.372977294
9034,0.040781194
9035,0.170792824
9037,0.270331141
9041,0.08352647
9043,0.345769709
9046,0.115069833
9048,0.15866277
9056,0.071217094
9059,0.035404948
9062,0.303972017
9067,0.072086496
9073,0.035404948
9074,0.040781194
9075,0.07136307
9077,0.035404948
9084,0.042417735
9087,0.073530051
9096,0.332685197
9098,0.07136307
9105,0.035404948
9106,0.042906105
9107,0.071352563
9113,0.042906105
9116,0.040431443
9117,0.755486346
9119,0.035631537
9121,0.033331393
9125,0.035631537
9129,0.042238984
9132,0.071206607
9134,0.071352563
9136,0.035329727
9139,0.071802657
9152,0.06567351
9153,0.042906105
9154,0.042149878
9158,0.424581728
9164,0.042060952
9165,0.45452592
9168,0.040609047
9172,0.040523234
9173,0.690783089
9177,0.042507382
9179,0.035329727
9180,0.051821601
9187,0.035404948
9189,0.040861316
9193,0.042328269
9199,0.035404948
9201,0.035555853
9204,0.033260426
9205,0.060090177
9207,0.319609665
9208,0.042149878
9215,0.186306982
9216,0.035404948
9217,0.051821601
9223,0.196542939
9224,0.06567351
9231,0.072086496
9236,0.035254661
9240,0.035555853
9242,0.071802657
9249,0.068724687
9253,0.042149878
9256,0.170792824
9257,0.29472385
9259,0.071217094
9260,0.071352563
9267,0.042906105
9271,0.035555853
9275,0.343280172
9277,0.035631537
9280,0.415451316
9286,0.060090177
9287,0.068724687
9288,0.040523234
9291,0.557705447
9295,0.464868954
9300,0.252213381
9303,0.07136307
9309,0.169237224
9310,0.071655851
9312,0.040609047
9313,0.246027146
9323,0.042149878
9324,0.035480323
9328,0.071217094
9329,0.523786865
9332,0.033189605
9333,0.068724687
9336,0.042328269
9337,0.042149878
9338,0.073530051
9352,0.316711895
9353,0.723309741
9356,0.072086496
9358,0.040609047
9362,0.042149878
9364,0.035404948
9368,0.035555853
9369,0.071217094
9372,0.071206607
9377,0.042060952
9381,0.040609047
9382,0.257905581
9385,0.067039423
9393,0.512574033
9401,0.475527878
9404,0.040523234
9407,0.071206607
9408,0.062888939
9409,0.071352563
9412,0.056002687
9417,0.071802657
9425,0.035329727
9426,0.756975335
9427,0.680354507
9428,0.035254661
9430,0.035329727
9436,0.033260426
9442,0.071217094
9444,0.172359757
9454,0.039590688
9455,0.115069833
9460,0.042417735
9461,0.068724687
9463,0.033331393
9464,0.071206607
9465,0.033260426
9466,0.035555853
9470,0.035404948
9473,0.035404948
9474,0.051821601
9482,0.073530051
9484,0.071206607
9485,0.170792824
9487,0.071206607
9488,0.111963788
9494,0.035329727
9498,0.042149878
9504,0.071217094
9507,0.042507382
9508,0.170792824
9510,0.042417735
9511,0.042238984
9515,0.042417735
9522,0.040266837
9524,0.06567351
9526,0.042238984
9527,0.086093269
9528,0.071655851
9533,0.063134183
9537,0.170792824
9538,0.042149878
9539,0.035480323
9540,0.072086496
9544,0.062888939
9546,0.068724687
9547,0.071802657
9556,0.316711895
9559,0.176487016
9560,0.780610605
9564,0.035480323
9566,0.035480323
9567,0.040609047
9572,0.416522602
9575,0.084204069
9577,0.035404948
9578,0.073530051
9585,0.068724687
9586,0.08352647
9590,0.056002687
9595,0.035404948
9596,0.270331141
9598,0.04259721
9599,0.08352647
9600,0.071802657
9602,0.033260426
9612,0.035329727
9620,0.062888939
9624,0.071206607
9626,0.064732812
9628,0.071352563
9633,0.071206607
9635,0.035404948
9636,0.071206607
9637,0.432681154
9639,0.071352563
9641,0.035404948
9643,0.035329727
9648,0.172359757
9650,0.071206607
9658,0.035404948
9665,0.072086496
9668,0.344274962
9670,0.040781194
9672,0.111963788
9675,0.170792824
9679,0.056002687
9680,0.269462211
9681,0.061094156
9682,0.270766267
9684,0.061094156
9686,0.071206607
9687,0.040609047
9689,0.071206607
9691,0.035555853
9692,0.056002687
9693,0.035254661
9694,0.042906105
9698,0.04277741
9699,0.071802657
9700,0.035404948
9707,0.17393805
9708,0.035631537
9711,0.170792824
9712,0.040609047
9715,0.035631537
9722,0.110655201
9724,0.035254661
9728,0.035404948
9735,0.035555853
9744,0.071206607
9748,0.07136307
9749,0.067039423
9755,0.04277741
9756,0.035631537
9760,0.060090177
9761,0.071655851
9770,0.040609047
9781,0.042328269
9789,0.035254661
9793,0.532028992
9794,0.056002687
9805,0.08352647
9817,0.035404948
9819,0.042149878
9822,0.17393805
9823,0.322011711
9830,0.035555853
9832,0.056002687
9833,0.073530051
9840,0.042507382
9844,0.419741154
9848,0.051821601
9854,0.170792824
9857,0.061094156
9860,0.345769709
9861,0.183647817
9880,0.071802657
9883,0.042149878
9885,0.071802657
9897,0.08352647
9898,0.040609047
9910,0.068724687
9911,0.035254661
9915,0.042328269
9918,0.042906105
9922,0.056002687
9923,0.035329727
9925,0.07136307
9931,0.042328269
9934,0.056002687
9938,0.319466461
9940,0.172359757
9943,0.068431665
9948,0.035404948
9949,0.716408395
9950,0.693581231
9955,0.270331141
9956,0.455011283
9963,0.035254661
9972,0.035329727
9975,0.071352563
9983,0.071206607
9990,0.072086496
9995,0.068724687
9996,0.033189605
9999,0.44906516
10000,0.035631537
